[{"model": "utils.footerlinksrelatedlink", "pk": 1, "fields": {"sort_order": 0, "link_external": "http://www.bbc.co.uk", "link_page": null, "title": "The BBC", "page": 1}}, {"model": "utils.footerlinksrelatedlink", "pk": 2, "fields": {"sort_order": 1, "link_external": "", "link_page": 5, "title": "A page", "page": 1}}, {"model": "utils.footerlinksrelatedlink", "pk": 3, "fields": {"sort_order": 0, "link_external": "", "link_page": 8, "title": "About us", "page": 2}}, {"model": "utils.footerlinksrelatedlink", "pk": 4, "fields": {"sort_order": 1, "link_external": "", "link_page": 9, "title": "Contact us", "page": 2}}, {"model": "utils.footerlinksrelatedlink", "pk": 5, "fields": {"sort_order": 0, "link_external": "http://www.nyan.cat/", "link_page": null, "title": "Nyan cat", "page": 3}}, {"model": "wagtailimages.filter", "pk": 1, "fields": {"spec": "max-165x165"}}, {"model": "wagtailimages.filter", "pk": 2, "fields": {"spec": "200x200"}}, {"model": "wagtailimages.filter", "pk": 3, "fields": {"spec": "fill-200x200"}}, {"model": "wagtailimages.filter", "pk": 4, "fields": {"spec": "original"}}, {"model": "wagtailimages.filter", "pk": 5, "fields": {"spec": "max-800x600"}}, {"model": "wagtailimages.rendition", "pk": 5, "fields": {"filter": 1, "file": "images/1.max-165x165.png", "width": 165, "height": 165, "focal_point_key": "", "image": 3}}, {"model": "wagtailimages.rendition", "pk": 6, "fields": {"filter": 1, "file": "images/2.max-165x165.png", "width": 165, "height": 165, "focal_point_key": "", "image": 2}}, {"model": "wagtailimages.rendition", "pk": 7, "fields": {"filter": 3, "file": "images/1.2e16d0ba.fill-200x200.png", "width": 200, "height": 200, "focal_point_key": "2e16d0ba", "image": 3}}, {"model": "wagtailimages.rendition", "pk": 8, "fields": {"filter": 3, "file": "images/2.2e16d0ba.fill-200x200.png", "width": 200, "height": 200, "focal_point_key": "2e16d0ba", "image": 2}}, {"model": "wagtailimages.rendition", "pk": 9, "fields": {"filter": 1, "file": "images/3.max-165x165.png", "width": 165, "height": 165, "focal_point_key": "", "image": 4}}, {"model": "wagtailimages.rendition", "pk": 10, "fields": {"filter": 3, "file": "images/3.2e16d0ba.fill-200x200.png", "width": 200, "height": 200, "focal_point_key": "2e16d0ba", "image": 4}}, {"model": "wagtailcore.site", "pk": 2, "fields": {"hostname": "localhost", "port": 8000, "site_name": "Site 1", "root_page": 3, "is_default_site": true}}, {"model": "wagtailcore.site", "pk": 3, "fields": {"hostname": "site2.localhost", "port": 8000, "site_name": "Site 2", "root_page": 7, "is_default_site": false}}, {"model": "wagtailcore.site", "pk": 4, "fields": {"hostname": "site3.localhost", "port": 8000, "site_name": "Site 3", "root_page": 10, "is_default_site": false}}, {"model": "wagtailcore.collection", "pk": 1, "fields": {"path": "0001", "depth": 1, "numchild": 0, "name": "Root"}}, {"model": "contenttypes.contenttype", "pk": 1, "fields": {"app_label": "wagtailcore", "model": "page"}}, {"model": "contenttypes.contenttype", "pk": 2, "fields": {"app_label": "home", "model": "homepage"}}, {"model": "contenttypes.contenttype", "pk": 3, "fields": {"app_label": "wagtailadmin", "model": "admin"}}, {"model": "contenttypes.contenttype", "pk": 4, "fields": {"app_label": "wagtaildocs", "model": "document"}}, {"model": "contenttypes.contenttype", "pk": 5, "fields": {"app_label": "wagtailimages", "model": "image"}}, {"model": "contenttypes.contenttype", "pk": 6, "fields": {"app_label": "standard_page", "model": "standardpage"}}, {"model": "contenttypes.contenttype", "pk": 7, "fields": {"app_label": "utils", "model": "socialmediasettings"}}, {"model": "contenttypes.contenttype", "pk": 8, "fields": {"app_label": "utils", "model": "footerlinks"}}, {"model": "contenttypes.contenttype", "pk": 9, "fields": {"app_label": "utils", "model": "footerlinksrelatedlink"}}, {"model": "contenttypes.contenttype", "pk": 10, "fields": {"app_label": "wagtailforms", "model": "formsubmission"}}, {"model": "contenttypes.contenttype", "pk": 11, "fields": {"app_label": "wagtailredirects", "model": "redirect"}}, {"model": "contenttypes.contenttype", "pk": 12, "fields": {"app_label": "wagtailembeds", "model": "embed"}}, {"model": "contenttypes.contenttype", "pk": 13, "fields": {"app_label": "wagtailusers", "model": "userprofile"}}, {"model": "contenttypes.contenttype", "pk": 14, "fields": {"app_label": "wagtailimages", "model": "filter"}}, {"model": "contenttypes.contenttype", "pk": 15, "fields": {"app_label": "wagtailimages", "model": "rendition"}}, {"model": "contenttypes.contenttype", "pk": 16, "fields": {"app_label": "wagtailsearch", "model": "query"}}, {"model": "contenttypes.contenttype", "pk": 17, "fields": {"app_label": "wagtailsearch", "model": "querydailyhits"}}, {"model": "contenttypes.contenttype", "pk": 18, "fields": {"app_label": "wagtailcore", "model": "site"}}, {"model": "contenttypes.contenttype", "pk": 19, "fields": {"app_label": "wagtailcore", "model": "pagerevision"}}, {"model": "contenttypes.contenttype", "pk": 20, "fields": {"app_label": "wagtailcore", "model": "grouppagepermission"}}, {"model": "contenttypes.contenttype", "pk": 21, "fields": {"app_label": "wagtailcore", "model": "pageviewrestriction"}}, {"model": "contenttypes.contenttype", "pk": 22, "fields": {"app_label": "wagtailcore", "model": "collection"}}, {"model": "contenttypes.contenttype", "pk": 23, "fields": {"app_label": "wagtailcore", "model": "groupcollectionpermission"}}, {"model": "contenttypes.contenttype", "pk": 24, "fields": {"app_label": "taggit", "model": "tag"}}, {"model": "contenttypes.contenttype", "pk": 25, "fields": {"app_label": "taggit", "model": "taggeditem"}}, {"model": "contenttypes.contenttype", "pk": 26, "fields": {"app_label": "admin", "model": "logentry"}}, {"model": "contenttypes.contenttype", "pk": 27, "fields": {"app_label": "auth", "model": "permission"}}, {"model": "contenttypes.contenttype", "pk": 28, "fields": {"app_label": "auth", "model": "group"}}, {"model": "contenttypes.contenttype", "pk": 29, "fields": {"app_label": "auth", "model": "user"}}, {"model": "contenttypes.contenttype", "pk": 30, "fields": {"app_label": "contenttypes", "model": "contenttype"}}, {"model": "contenttypes.contenttype", "pk": 31, "fields": {"app_label": "sessions", "model": "session"}}, {"model": "contenttypes.contenttype", "pk": 32, "fields": {"app_label": "utils", "model": "sitebranding"}}, {"model": "sessions.session", "pk": "ei48rr4ijxdzjkvizie341we19sjx5xc", "fields": {"session_data": "YmUyYjAyNzU4NTg5YzNmMGVmMzlhOWFhYzUwZjg3MDc3ODk2ZWI5ZTp7Il9hdXRoX3VzZXJfaGFzaCI6Ijk1NTlhOWRlODY0MzZkMWY0YmQ2ZmJmYTAwZTYwNzQ2OTAyY2RiMzEiLCJfYXV0aF91c2VyX2JhY2tlbmQiOiJkamFuZ28uY29udHJpYi5hdXRoLmJhY2tlbmRzLk1vZGVsQmFja2VuZCIsIl9hdXRoX3VzZXJfaWQiOiIxIn0=", "expire_date": "2016-08-12T08:33:56.041Z"}}, {"model": "sessions.session", "pk": "k79wkve9sgi1cp7ivhgozclq58sdv78x", "fields": {"session_data": "YmUyYjAyNzU4NTg5YzNmMGVmMzlhOWFhYzUwZjg3MDc3ODk2ZWI5ZTp7Il9hdXRoX3VzZXJfaGFzaCI6Ijk1NTlhOWRlODY0MzZkMWY0YmQ2ZmJmYTAwZTYwNzQ2OTAyY2RiMzEiLCJfYXV0aF91c2VyX2JhY2tlbmQiOiJkamFuZ28uY29udHJpYi5hdXRoLmJhY2tlbmRzLk1vZGVsQmFja2VuZCIsIl9hdXRoX3VzZXJfaWQiOiIxIn0=", "expire_date": "2016-08-14T18:01:03.327Z"}}, {"model": "sessions.session", "pk": "ouit58ny72355k2myfa0x877jr1ygsx1", "fields": {"session_data": "M2NlY2I3MDA1MTZkMTZkMWNmYzAyNTgxMDY1Njk4YmI3OTBlZjlkNDp7Il9hdXRoX3VzZXJfaWQiOiIxIiwiX2F1dGhfdXNlcl9oYXNoIjoiOTU1OWE5ZGU4NjQzNmQxZjRiZDZmYmZhMDBlNjA3NDY5MDJjZGIzMSIsIl9hdXRoX3VzZXJfYmFja2VuZCI6ImRqYW5nby5jb250cmliLmF1dGguYmFja2VuZHMuTW9kZWxCYWNrZW5kIn0=", "expire_date": "2017-06-18T14:07:25.349Z"}}, {"model": "sessions.session", "pk": "p8ztmlnr43d7rinx1nhjeclcc4yxjdl9", "fields": {"session_data": "YmUyYjAyNzU4NTg5YzNmMGVmMzlhOWFhYzUwZjg3MDc3ODk2ZWI5ZTp7Il9hdXRoX3VzZXJfaGFzaCI6Ijk1NTlhOWRlODY0MzZkMWY0YmQ2ZmJmYTAwZTYwNzQ2OTAyY2RiMzEiLCJfYXV0aF91c2VyX2JhY2tlbmQiOiJkamFuZ28uY29udHJpYi5hdXRoLmJhY2tlbmRzLk1vZGVsQmFja2VuZCIsIl9hdXRoX3VzZXJfaWQiOiIxIn0=", "expire_date": "2016-08-12T16:20:51.692Z"}}, {"model": "sessions.session", "pk": "tsa56cvweo8huhssmvte44493wwpelev", "fields": {"session_data": "YmUyYjAyNzU4NTg5YzNmMGVmMzlhOWFhYzUwZjg3MDc3ODk2ZWI5ZTp7Il9hdXRoX3VzZXJfaGFzaCI6Ijk1NTlhOWRlODY0MzZkMWY0YmQ2ZmJmYTAwZTYwNzQ2OTAyY2RiMzEiLCJfYXV0aF91c2VyX2JhY2tlbmQiOiJkamFuZ28uY29udHJpYi5hdXRoLmJhY2tlbmRzLk1vZGVsQmFja2VuZCIsIl9hdXRoX3VzZXJfaWQiOiIxIn0=", "expire_date": "2016-08-11T14:12:35.821Z"}}, {"model": "auth.permission", "pk": 1, "fields": {"name": "Can access Wagtail admin", "content_type": 3, "codename": "access_admin"}}, {"model": "auth.permission", "pk": 2, "fields": {"name": "Can add document", "content_type": 4, "codename": "add_document"}}, {"model": "auth.permission", "pk": 3, "fields": {"name": "Can change document", "content_type": 4, "codename": "change_document"}}, {"model": "auth.permission", "pk": 4, "fields": {"name": "Can delete document", "content_type": 4, "codename": "delete_document"}}, {"model": "auth.permission", "pk": 5, "fields": {"name": "Can add image", "content_type": 5, "codename": "add_image"}}, {"model": "auth.permission", "pk": 6, "fields": {"name": "Can change image", "content_type": 5, "codename": "change_image"}}, {"model": "auth.permission", "pk": 7, "fields": {"name": "Can delete image", "content_type": 5, "codename": "delete_image"}}, {"model": "auth.permission", "pk": 8, "fields": {"name": "Can add home page", "content_type": 2, "codename": "add_homepage"}}, {"model": "auth.permission", "pk": 9, "fields": {"name": "Can change home page", "content_type": 2, "codename": "change_homepage"}}, {"model": "auth.permission", "pk": 10, "fields": {"name": "Can delete home page", "content_type": 2, "codename": "delete_homepage"}}, {"model": "auth.permission", "pk": 11, "fields": {"name": "Can add standard page", "content_type": 6, "codename": "add_standardpage"}}, {"model": "auth.permission", "pk": 12, "fields": {"name": "Can change standard page", "content_type": 6, "codename": "change_standardpage"}}, {"model": "auth.permission", "pk": 13, "fields": {"name": "Can delete standard page", "content_type": 6, "codename": "delete_standardpage"}}, {"model": "auth.permission", "pk": 14, "fields": {"name": "Can add social media settings", "content_type": 7, "codename": "add_socialmediasettings"}}, {"model": "auth.permission", "pk": 15, "fields": {"name": "Can change social media settings", "content_type": 7, "codename": "change_socialmediasettings"}}, {"model": "auth.permission", "pk": 16, "fields": {"name": "Can delete social media settings", "content_type": 7, "codename": "delete_socialmediasettings"}}, {"model": "auth.permission", "pk": 17, "fields": {"name": "Can add footer links", "content_type": 8, "codename": "add_footerlinks"}}, {"model": "auth.permission", "pk": 18, "fields": {"name": "Can change footer links", "content_type": 8, "codename": "change_footerlinks"}}, {"model": "auth.permission", "pk": 19, "fields": {"name": "Can delete footer links", "content_type": 8, "codename": "delete_footerlinks"}}, {"model": "auth.permission", "pk": 20, "fields": {"name": "Can add footer links related link", "content_type": 9, "codename": "add_footerlinksrelatedlink"}}, {"model": "auth.permission", "pk": 21, "fields": {"name": "Can change footer links related link", "content_type": 9, "codename": "change_footerlinksrelatedlink"}}, {"model": "auth.permission", "pk": 22, "fields": {"name": "Can delete footer links related link", "content_type": 9, "codename": "delete_footerlinksrelatedlink"}}, {"model": "auth.permission", "pk": 23, "fields": {"name": "Can add form submission", "content_type": 10, "codename": "add_formsubmission"}}, {"model": "auth.permission", "pk": 24, "fields": {"name": "Can change form submission", "content_type": 10, "codename": "change_formsubmission"}}, {"model": "auth.permission", "pk": 25, "fields": {"name": "Can delete form submission", "content_type": 10, "codename": "delete_formsubmission"}}, {"model": "auth.permission", "pk": 26, "fields": {"name": "Can add redirect", "content_type": 11, "codename": "add_redirect"}}, {"model": "auth.permission", "pk": 27, "fields": {"name": "Can change redirect", "content_type": 11, "codename": "change_redirect"}}, {"model": "auth.permission", "pk": 28, "fields": {"name": "Can delete redirect", "content_type": 11, "codename": "delete_redirect"}}, {"model": "auth.permission", "pk": 29, "fields": {"name": "Can add embed", "content_type": 12, "codename": "add_embed"}}, {"model": "auth.permission", "pk": 30, "fields": {"name": "Can change embed", "content_type": 12, "codename": "change_embed"}}, {"model": "auth.permission", "pk": 31, "fields": {"name": "Can delete embed", "content_type": 12, "codename": "delete_embed"}}, {"model": "auth.permission", "pk": 32, "fields": {"name": "Can add user profile", "content_type": 13, "codename": "add_userprofile"}}, {"model": "auth.permission", "pk": 33, "fields": {"name": "Can change user profile", "content_type": 13, "codename": "change_userprofile"}}, {"model": "auth.permission", "pk": 34, "fields": {"name": "Can delete user profile", "content_type": 13, "codename": "delete_userprofile"}}, {"model": "auth.permission", "pk": 35, "fields": {"name": "Can add filter", "content_type": 14, "codename": "add_filter"}}, {"model": "auth.permission", "pk": 36, "fields": {"name": "Can change filter", "content_type": 14, "codename": "change_filter"}}, {"model": "auth.permission", "pk": 37, "fields": {"name": "Can delete filter", "content_type": 14, "codename": "delete_filter"}}, {"model": "auth.permission", "pk": 38, "fields": {"name": "Can add rendition", "content_type": 15, "codename": "add_rendition"}}, {"model": "auth.permission", "pk": 39, "fields": {"name": "Can change rendition", "content_type": 15, "codename": "change_rendition"}}, {"model": "auth.permission", "pk": 40, "fields": {"name": "Can delete rendition", "content_type": 15, "codename": "delete_rendition"}}, {"model": "auth.permission", "pk": 41, "fields": {"name": "Can add query", "content_type": 16, "codename": "add_query"}}, {"model": "auth.permission", "pk": 42, "fields": {"name": "Can change query", "content_type": 16, "codename": "change_query"}}, {"model": "auth.permission", "pk": 43, "fields": {"name": "Can delete query", "content_type": 16, "codename": "delete_query"}}, {"model": "auth.permission", "pk": 44, "fields": {"name": "Can add Query Daily Hits", "content_type": 17, "codename": "add_querydailyhits"}}, {"model": "auth.permission", "pk": 45, "fields": {"name": "Can change Query Daily Hits", "content_type": 17, "codename": "change_querydailyhits"}}, {"model": "auth.permission", "pk": 46, "fields": {"name": "Can delete Query Daily Hits", "content_type": 17, "codename": "delete_querydailyhits"}}, {"model": "auth.permission", "pk": 47, "fields": {"name": "Can add site", "content_type": 18, "codename": "add_site"}}, {"model": "auth.permission", "pk": 48, "fields": {"name": "Can change site", "content_type": 18, "codename": "change_site"}}, {"model": "auth.permission", "pk": 49, "fields": {"name": "Can delete site", "content_type": 18, "codename": "delete_site"}}, {"model": "auth.permission", "pk": 50, "fields": {"name": "Can add page", "content_type": 1, "codename": "add_page"}}, {"model": "auth.permission", "pk": 51, "fields": {"name": "Can change page", "content_type": 1, "codename": "change_page"}}, {"model": "auth.permission", "pk": 52, "fields": {"name": "Can delete page", "content_type": 1, "codename": "delete_page"}}, {"model": "auth.permission", "pk": 53, "fields": {"name": "Can add page revision", "content_type": 19, "codename": "add_pagerevision"}}, {"model": "auth.permission", "pk": 54, "fields": {"name": "Can change page revision", "content_type": 19, "codename": "change_pagerevision"}}, {"model": "auth.permission", "pk": 55, "fields": {"name": "Can delete page revision", "content_type": 19, "codename": "delete_pagerevision"}}, {"model": "auth.permission", "pk": 56, "fields": {"name": "Can add group page permission", "content_type": 20, "codename": "add_grouppagepermission"}}, {"model": "auth.permission", "pk": 57, "fields": {"name": "Can change group page permission", "content_type": 20, "codename": "change_grouppagepermission"}}, {"model": "auth.permission", "pk": 58, "fields": {"name": "Can delete group page permission", "content_type": 20, "codename": "delete_grouppagepermission"}}, {"model": "auth.permission", "pk": 59, "fields": {"name": "Can add page view restriction", "content_type": 21, "codename": "add_pageviewrestriction"}}, {"model": "auth.permission", "pk": 60, "fields": {"name": "Can change page view restriction", "content_type": 21, "codename": "change_pageviewrestriction"}}, {"model": "auth.permission", "pk": 61, "fields": {"name": "Can delete page view restriction", "content_type": 21, "codename": "delete_pageviewrestriction"}}, {"model": "auth.permission", "pk": 62, "fields": {"name": "Can add collection", "content_type": 22, "codename": "add_collection"}}, {"model": "auth.permission", "pk": 63, "fields": {"name": "Can change collection", "content_type": 22, "codename": "change_collection"}}, {"model": "auth.permission", "pk": 64, "fields": {"name": "Can delete collection", "content_type": 22, "codename": "delete_collection"}}, {"model": "auth.permission", "pk": 65, "fields": {"name": "Can add group collection permission", "content_type": 23, "codename": "add_groupcollectionpermission"}}, {"model": "auth.permission", "pk": 66, "fields": {"name": "Can change group collection permission", "content_type": 23, "codename": "change_groupcollectionpermission"}}, {"model": "auth.permission", "pk": 67, "fields": {"name": "Can delete group collection permission", "content_type": 23, "codename": "delete_groupcollectionpermission"}}, {"model": "auth.permission", "pk": 68, "fields": {"name": "Can add Tag", "content_type": 24, "codename": "add_tag"}}, {"model": "auth.permission", "pk": 69, "fields": {"name": "Can change Tag", "content_type": 24, "codename": "change_tag"}}, {"model": "auth.permission", "pk": 70, "fields": {"name": "Can delete Tag", "content_type": 24, "codename": "delete_tag"}}, {"model": "auth.permission", "pk": 71, "fields": {"name": "Can add Tagged Item", "content_type": 25, "codename": "add_taggeditem"}}, {"model": "auth.permission", "pk": 72, "fields": {"name": "Can change Tagged Item", "content_type": 25, "codename": "change_taggeditem"}}, {"model": "auth.permission", "pk": 73, "fields": {"name": "Can delete Tagged Item", "content_type": 25, "codename": "delete_taggeditem"}}, {"model": "auth.permission", "pk": 74, "fields": {"name": "Can add log entry", "content_type": 26, "codename": "add_logentry"}}, {"model": "auth.permission", "pk": 75, "fields": {"name": "Can change log entry", "content_type": 26, "codename": "change_logentry"}}, {"model": "auth.permission", "pk": 76, "fields": {"name": "Can delete log entry", "content_type": 26, "codename": "delete_logentry"}}, {"model": "auth.permission", "pk": 77, "fields": {"name": "Can add permission", "content_type": 27, "codename": "add_permission"}}, {"model": "auth.permission", "pk": 78, "fields": {"name": "Can change permission", "content_type": 27, "codename": "change_permission"}}, {"model": "auth.permission", "pk": 79, "fields": {"name": "Can delete permission", "content_type": 27, "codename": "delete_permission"}}, {"model": "auth.permission", "pk": 80, "fields": {"name": "Can add group", "content_type": 28, "codename": "add_group"}}, {"model": "auth.permission", "pk": 81, "fields": {"name": "Can change group", "content_type": 28, "codename": "change_group"}}, {"model": "auth.permission", "pk": 82, "fields": {"name": "Can delete group", "content_type": 28, "codename": "delete_group"}}, {"model": "auth.permission", "pk": 83, "fields": {"name": "Can add user", "content_type": 29, "codename": "add_user"}}, {"model": "auth.permission", "pk": 84, "fields": {"name": "Can change user", "content_type": 29, "codename": "change_user"}}, {"model": "auth.permission", "pk": 85, "fields": {"name": "Can delete user", "content_type": 29, "codename": "delete_user"}}, {"model": "auth.permission", "pk": 86, "fields": {"name": "Can add content type", "content_type": 30, "codename": "add_contenttype"}}, {"model": "auth.permission", "pk": 87, "fields": {"name": "Can change content type", "content_type": 30, "codename": "change_contenttype"}}, {"model": "auth.permission", "pk": 88, "fields": {"name": "Can delete content type", "content_type": 30, "codename": "delete_contenttype"}}, {"model": "auth.permission", "pk": 89, "fields": {"name": "Can add session", "content_type": 31, "codename": "add_session"}}, {"model": "auth.permission", "pk": 90, "fields": {"name": "Can change session", "content_type": 31, "codename": "change_session"}}, {"model": "auth.permission", "pk": 91, "fields": {"name": "Can delete session", "content_type": 31, "codename": "delete_session"}}, {"model": "auth.permission", "pk": 92, "fields": {"name": "Can add site branding", "content_type": 32, "codename": "add_sitebranding"}}, {"model": "auth.permission", "pk": 93, "fields": {"name": "Can change site branding", "content_type": 32, "codename": "change_sitebranding"}}, {"model": "auth.permission", "pk": 94, "fields": {"name": "Can delete site branding", "content_type": 32, "codename": "delete_sitebranding"}}, {"model": "utils.sitebranding", "pk": 1, "fields": {"site": 2, "site_logo": 3, "banner_colour": "d1e0e0"}}, {"model": "utils.sitebranding", "pk": 2, "fields": {"site": 3, "site_logo": 2, "banner_colour": "e6ffff"}}, {"model": "utils.sitebranding", "pk": 3, "fields": {"site": 4, "site_logo": 4, "banner_colour": ""}}, {"model": "utils.footerlinks", "pk": 1, "fields": {"site": 2}}, {"model": "utils.footerlinks", "pk": 2, "fields": {"site": 3}}, {"model": "utils.footerlinks", "pk": 3, "fields": {"site": 4}}, {"model": "utils.socialmediasettings", "pk": 1, "fields": {"site": 2, "facebook": "http://www.facebook.com", "twitter": "twitter", "instagram": "http://www.instagram.com", "github": "http://www.github.com"}}, {"model": "utils.socialmediasettings", "pk": 2, "fields": {"site": 3, "facebook": "https://www.facebook.com/RickAstley/", "twitter": "rickastley", "instagram": null, "github": null}}, {"model": "utils.socialmediasettings", "pk": 3, "fields": {"site": 4, "facebook": "https://www.facebook.com/davidhasselhoff/", "twitter": "", "instagram": null, "github": null}}, {"model": "auth.group", "pk": 1, "fields": {"name": "Moderators", "permissions": [1, 2, 3, 4, 5, 6, 7]}}, {"model": "auth.group", "pk": 2, "fields": {"name": "Editors", "permissions": [1, 2, 3, 4, 5, 6, 7]}}, {"model": "auth.group", "pk": 3, "fields": {"name": "Site 1 admin", "permissions": [1]}}, {"model": "auth.group", "pk": 4, "fields": {"name": "Site 2 admin", "permissions": [1]}}, {"model": "auth.group", "pk": 5, "fields": {"name": "Site 3 admin", "permissions": [1]}}, {"model": "auth.user", "pk": 1, "fields": {"password": "pbkdf2_sha256$24000$EMEn9oKiBt3N$p7RoyYSIA7xCdpxxJnGh3gV8Na/8SLxRCPbKUCKxDu4=", "last_login": "2017-06-04T14:07:25.163Z", "is_superuser": true, "username": "admin", "first_name": "Ad", "last_name": "Min", "email": "admin@example.com", "is_staff": true, "is_active": true, "date_joined": "2016-07-28T11:54:18.811Z", "groups": [], "user_permissions": []}}, {"model": "auth.user", "pk": 3, "fields": {"password": "pbkdf2_sha256$24000$y0m5UpnLarlN$MgKNjS0p/wBbpmNEBQJua1WpHb1tNWjc4q/Zd2lgqK8=", "last_login": "2016-07-29T16:19:46.044Z", "is_superuser": false, "username": "site-1-admin", "first_name": "Site 1", "last_name": "Admin", "email": "site-1-admin@example.com", "is_staff": false, "is_active": true, "date_joined": "2016-07-29T16:18:54.383Z", "groups": [3], "user_permissions": []}}, {"model": "auth.user", "pk": 4, "fields": {"password": "pbkdf2_sha256$24000$UQFEjZAxaF7a$VBxz/QseoIOPtTSU9ytiI8BFu+PI+am5Y3UYekAcuSc=", "last_login": null, "is_superuser": false, "username": "site-2-admin", "first_name": "Site 2", "last_name": "Admin", "email": "site-2-admin@example.com", "is_staff": false, "is_active": true, "date_joined": "2016-07-29T16:19:13.773Z", "groups": [4], "user_permissions": []}}, {"model": "auth.user", "pk": 5, "fields": {"password": "pbkdf2_sha256$24000$nMfkyGeNIBXL$RmLNJWJmrUufRblOnIuUodGWeJgqoR7uqIuvpZqaL14=", "last_login": null, "is_superuser": false, "username": "site-3-admin", "first_name": "Site 3", "last_name": "Admin", "email": "site-3-admin@example.com", "is_staff": false, "is_active": true, "date_joined": "2016-07-29T16:19:34.437Z", "groups": [5], "user_permissions": []}}, {"model": "admin.logentry", "pk": 1, "fields": {"action_time": "2016-07-28T14:12:05.761Z", "user": 1, "content_type": 29, "object_id": "2", "object_repr": "admin", "action_flag": 3, "change_message": ""}}, {"model": "wagtailcore.groupcollectionpermission", "pk": 1, "fields": {"group": 2, "collection": 1, "permission": 2}}, {"model": "wagtailcore.groupcollectionpermission", "pk": 2, "fields": {"group": 1, "collection": 1, "permission": 2}}, {"model": "wagtailcore.groupcollectionpermission", "pk": 3, "fields": {"group": 2, "collection": 1, "permission": 3}}, {"model": "wagtailcore.groupcollectionpermission", "pk": 4, "fields": {"group": 1, "collection": 1, "permission": 3}}, {"model": "wagtailcore.groupcollectionpermission", "pk": 5, "fields": {"group": 2, "collection": 1, "permission": 5}}, {"model": "wagtailcore.groupcollectionpermission", "pk": 6, "fields": {"group": 1, "collection": 1, "permission": 5}}, {"model": "wagtailcore.groupcollectionpermission", "pk": 7, "fields": {"group": 2, "collection": 1, "permission": 6}}, {"model": "wagtailcore.groupcollectionpermission", "pk": 8, "fields": {"group": 1, "collection": 1, "permission": 6}}, {"model": "wagtailcore.groupcollectionpermission", "pk": 9, "fields": {"group": 3, "collection": 1, "permission": 2}}, {"model": "wagtailcore.groupcollectionpermission", "pk": 10, "fields": {"group": 3, "collection": 1, "permission": 5}}, {"model": "wagtailcore.groupcollectionpermission", "pk": 11, "fields": {"group": 4, "collection": 1, "permission": 2}}, {"model": "wagtailcore.groupcollectionpermission", "pk": 12, "fields": {"group": 4, "collection": 1, "permission": 5}}, {"model": "wagtailcore.groupcollectionpermission", "pk": 13, "fields": {"group": 5, "collection": 1, "permission": 2}}, {"model": "wagtailcore.groupcollectionpermission", "pk": 14, "fields": {"group": 5, "collection": 1, "permission": 3}}, {"model": "wagtailcore.groupcollectionpermission", "pk": 15, "fields": {"group": 5, "collection": 1, "permission": 5}}, {"model": "wagtailcore.groupcollectionpermission", "pk": 16, "fields": {"group": 5, "collection": 1, "permission": 6}}, {"model": "wagtailcore.grouppagepermission", "pk": 1, "fields": {"group": 1, "page": 1, "permission_type": "add"}}, {"model": "wagtailcore.grouppagepermission", "pk": 2, "fields": {"group": 1, "page": 1, "permission_type": "edit"}}, {"model": "wagtailcore.grouppagepermission", "pk": 3, "fields": {"group": 1, "page": 1, "permission_type": "publish"}}, {"model": "wagtailcore.grouppagepermission", "pk": 4, "fields": {"group": 2, "page": 1, "permission_type": "add"}}, {"model": "wagtailcore.grouppagepermission", "pk": 5, "fields": {"group": 2, "page": 1, "permission_type": "edit"}}, {"model": "wagtailcore.grouppagepermission", "pk": 6, "fields": {"group": 1, "page": 1, "permission_type": "lock"}}, {"model": "wagtailcore.grouppagepermission", "pk": 7, "fields": {"group": 3, "page": 3, "permission_type": "edit"}}, {"model": "wagtailcore.grouppagepermission", "pk": 8, "fields": {"group": 3, "page": 3, "permission_type": "add"}}, {"model": "wagtailcore.grouppagepermission", "pk": 9, "fields": {"group": 3, "page": 3, "permission_type": "lock"}}, {"model": "wagtailcore.grouppagepermission", "pk": 10, "fields": {"group": 3, "page": 3, "permission_type": "publish"}}, {"model": "wagtailcore.grouppagepermission", "pk": 11, "fields": {"group": 4, "page": 7, "permission_type": "publish"}}, {"model": "wagtailcore.grouppagepermission", "pk": 12, "fields": {"group": 4, "page": 7, "permission_type": "edit"}}, {"model": "wagtailcore.grouppagepermission", "pk": 13, "fields": {"group": 4, "page": 7, "permission_type": "add"}}, {"model": "wagtailcore.grouppagepermission", "pk": 14, "fields": {"group": 4, "page": 7, "permission_type": "lock"}}, {"model": "wagtailcore.grouppagepermission", "pk": 15, "fields": {"group": 5, "page": 10, "permission_type": "edit"}}, {"model": "wagtailcore.grouppagepermission", "pk": 16, "fields": {"group": 5, "page": 10, "permission_type": "publish"}}, {"model": "wagtailcore.grouppagepermission", "pk": 17, "fields": {"group": 5, "page": 10, "permission_type": "lock"}}, {"model": "wagtailcore.grouppagepermission", "pk": 18, "fields": {"group": 5, "page": 10, "permission_type": "add"}}, {"model": "wagtailcore.pagerevision", "pk": 1, "fields": {"page": 4, "submitted_for_moderation": false, "created_at": "2016-07-28T11:55:38.767Z", "user": 1, "content_json": "{\"body\": null, \"locked\": false, \"title\": \"Top level page\", \"numchild\": 0, \"show_in_menus\": true, \"live\": true, \"seo_title\": \"\", \"search_description\": \"\", \"depth\": 3, \"latest_revision_created_at\": null, \"has_unpublished_changes\": false, \"content_type\": 6, \"path\": \"000100010001\", \"owner\": 1, \"pk\": 4, \"first_published_at\": null, \"url_path\": \"/home/top-level-page/\", \"expired\": false, \"slug\": \"top-level-page\", \"expire_at\": null, \"go_live_at\": null}", "approved_go_live_at": null}}, {"model": "wagtailcore.pagerevision", "pk": 2, "fields": {"page": 5, "submitted_for_moderation": false, "created_at": "2016-07-28T11:55:53.098Z", "user": 1, "content_json": "{\"body\": null, \"locked\": false, \"title\": \"Another top-level page\", \"numchild\": 0, \"show_in_menus\": true, \"live\": true, \"seo_title\": \"\", \"search_description\": \"\", \"depth\": 3, \"latest_revision_created_at\": null, \"has_unpublished_changes\": false, \"content_type\": 6, \"path\": \"000100010002\", \"owner\": 1, \"pk\": 5, \"first_published_at\": null, \"url_path\": \"/home/another-top-level-page/\", \"expired\": false, \"slug\": \"another-top-level-page\", \"expire_at\": null, \"go_live_at\": null}", "approved_go_live_at": null}}, {"model": "wagtailcore.pagerevision", "pk": 4, "fields": {"page": 4, "submitted_for_moderation": false, "created_at": "2016-07-28T20:22:52.828Z", "user": 1, "content_json": "{\"body\": \"<p>This is a top level page yo!</p>\", \"locked\": false, \"title\": \"Top level page\", \"numchild\": 1, \"show_in_menus\": true, \"live\": true, \"seo_title\": \"\", \"search_description\": \"\", \"depth\": 3, \"latest_revision_created_at\": \"2016-07-28T11:55:38.767Z\", \"has_unpublished_changes\": false, \"content_type\": 6, \"path\": \"000100010001\", \"owner\": 1, \"pk\": 4, \"first_published_at\": \"2016-07-28T11:55:38.791Z\", \"url_path\": \"/home/top-level-page/\", \"expired\": false, \"slug\": \"top-level-page\", \"expire_at\": null, \"go_live_at\": null}", "approved_go_live_at": null}}, {"model": "wagtailcore.pagerevision", "pk": 5, "fields": {"page": 4, "submitted_for_moderation": false, "created_at": "2016-07-28T20:49:10.788Z", "user": 1, "content_json": "{\"body\": \"<p>This is a top level page yo!</p>\", \"locked\": false, \"title\": \"About us\", \"numchild\": 1, \"show_in_menus\": true, \"live\": true, \"seo_title\": \"\", \"search_description\": \"\", \"depth\": 3, \"latest_revision_created_at\": \"2016-07-28T20:22:52.828Z\", \"has_unpublished_changes\": false, \"content_type\": 6, \"path\": \"000100010001\", \"owner\": 1, \"pk\": 4, \"first_published_at\": \"2016-07-28T11:55:38.791Z\", \"url_path\": \"/home/top-level-page/\", \"expired\": false, \"slug\": \"top-level-page\", \"expire_at\": null, \"go_live_at\": null}", "approved_go_live_at": null}}, {"model": "wagtailcore.pagerevision", "pk": 6, "fields": {"page": 4, "submitted_for_moderation": false, "created_at": "2016-07-28T20:49:26.412Z", "user": 1, "content_json": "{\"body\": \"<p>This is a top level page yo!</p>\", \"locked\": false, \"title\": \"Site 1 about us\", \"numchild\": 1, \"show_in_menus\": true, \"live\": true, \"seo_title\": \"\", \"search_description\": \"\", \"depth\": 3, \"latest_revision_created_at\": \"2016-07-28T20:49:10.788Z\", \"has_unpublished_changes\": false, \"content_type\": 6, \"path\": \"000100010001\", \"owner\": 1, \"pk\": 4, \"first_published_at\": \"2016-07-28T11:55:38.791Z\", \"url_path\": \"/home/top-level-page/\", \"expired\": false, \"slug\": \"top-level-page\", \"expire_at\": null, \"go_live_at\": null}", "approved_go_live_at": null}}, {"model": "wagtailcore.pagerevision", "pk": 7, "fields": {"page": 5, "submitted_for_moderation": false, "created_at": "2016-07-28T20:49:42.706Z", "user": 1, "content_json": "{\"body\": \"\", \"locked\": false, \"title\": \"Set 2 Contact us\", \"numchild\": 0, \"show_in_menus\": true, \"live\": true, \"seo_title\": \"\", \"search_description\": \"\", \"depth\": 3, \"latest_revision_created_at\": \"2016-07-28T11:55:53.098Z\", \"has_unpublished_changes\": false, \"content_type\": 6, \"path\": \"000100010002\", \"owner\": 1, \"pk\": 5, \"first_published_at\": \"2016-07-28T11:55:53.125Z\", \"url_path\": \"/home/another-top-level-page/\", \"expired\": false, \"slug\": \"another-top-level-page\", \"expire_at\": null, \"go_live_at\": null}", "approved_go_live_at": null}}, {"model": "wagtailcore.pagerevision", "pk": 8, "fields": {"page": 4, "submitted_for_moderation": false, "created_at": "2016-07-28T20:49:54.035Z", "user": 1, "content_json": "{\"body\": \"<p>This is a top level page yo!</p>\", \"locked\": false, \"title\": \"Site 1 About Us\", \"numchild\": 1, \"show_in_menus\": true, \"live\": true, \"seo_title\": \"\", \"search_description\": \"\", \"depth\": 3, \"latest_revision_created_at\": \"2016-07-28T20:49:26.412Z\", \"has_unpublished_changes\": false, \"content_type\": 6, \"path\": \"000100010001\", \"owner\": 1, \"pk\": 4, \"first_published_at\": \"2016-07-28T11:55:38.791Z\", \"url_path\": \"/home/top-level-page/\", \"expired\": false, \"slug\": \"top-level-page\", \"expire_at\": null, \"go_live_at\": null}", "approved_go_live_at": null}}, {"model": "wagtailcore.pagerevision", "pk": 9, "fields": {"page": 5, "submitted_for_moderation": false, "created_at": "2016-07-28T20:50:00.782Z", "user": 1, "content_json": "{\"body\": \"\", \"locked\": false, \"title\": \"Set 2 Contact Us\", \"numchild\": 0, \"show_in_menus\": true, \"live\": true, \"seo_title\": \"\", \"search_description\": \"\", \"depth\": 3, \"latest_revision_created_at\": \"2016-07-28T20:49:42.706Z\", \"has_unpublished_changes\": false, \"content_type\": 6, \"path\": \"000100010002\", \"owner\": 1, \"pk\": 5, \"first_published_at\": \"2016-07-28T11:55:53.125Z\", \"url_path\": \"/home/another-top-level-page/\", \"expired\": false, \"slug\": \"another-top-level-page\", \"expire_at\": null, \"go_live_at\": null}", "approved_go_live_at": null}}, {"model": "wagtailcore.pagerevision", "pk": 10, "fields": {"page": 5, "submitted_for_moderation": false, "created_at": "2016-07-28T20:51:43.939Z", "user": 1, "content_json": "{\"body\": \"\", \"locked\": false, \"title\": \"Site 1 Contact Us\", \"numchild\": 0, \"show_in_menus\": true, \"live\": true, \"seo_title\": \"\", \"search_description\": \"\", \"depth\": 3, \"latest_revision_created_at\": \"2016-07-28T20:50:00.782Z\", \"has_unpublished_changes\": false, \"content_type\": 6, \"path\": \"000100010002\", \"owner\": 1, \"pk\": 5, \"first_published_at\": \"2016-07-28T11:55:53.125Z\", \"url_path\": \"/home/another-top-level-page/\", \"expired\": false, \"slug\": \"another-top-level-page\", \"expire_at\": null, \"go_live_at\": null}", "approved_go_live_at": null}}, {"model": "wagtailcore.pagerevision", "pk": 11, "fields": {"page": 3, "submitted_for_moderation": false, "created_at": "2016-07-28T20:56:41.726Z", "user": 1, "content_json": "{\"body\": \"\", \"locked\": false, \"title\": \"Site 1 Homepage\", \"numchild\": 2, \"show_in_menus\": false, \"live\": true, \"seo_title\": \"\", \"search_description\": \"\", \"depth\": 2, \"latest_revision_created_at\": null, \"has_unpublished_changes\": false, \"content_type\": 2, \"path\": \"00010001\", \"owner\": null, \"pk\": 3, \"first_published_at\": null, \"url_path\": \"/home/\", \"expired\": false, \"slug\": \"home\", \"expire_at\": null, \"go_live_at\": null}", "approved_go_live_at": null}}, {"model": "wagtailcore.pagerevision", "pk": 12, "fields": {"page": 7, "submitted_for_moderation": false, "created_at": "2016-07-28T20:56:59.763Z", "user": 1, "content_json": "{\"body\": \"\", \"locked\": false, \"title\": \"Site 2 Homepage\", \"numchild\": 0, \"show_in_menus\": true, \"live\": true, \"seo_title\": \"\", \"search_description\": \"\", \"depth\": 2, \"latest_revision_created_at\": null, \"has_unpublished_changes\": false, \"content_type\": 2, \"path\": \"00010002\", \"owner\": 1, \"pk\": 7, \"first_published_at\": null, \"url_path\": \"/site-2-homepage/\", \"expired\": false, \"slug\": \"site-2-homepage\", \"expire_at\": null, \"go_live_at\": null}", "approved_go_live_at": null}}, {"model": "wagtailcore.pagerevision", "pk": 13, "fields": {"page": 7, "submitted_for_moderation": false, "created_at": "2016-07-28T20:57:07.977Z", "user": 1, "content_json": "{\"body\": \"\", \"locked\": false, \"title\": \"Site 2 Homepage\", \"numchild\": 0, \"show_in_menus\": false, \"live\": true, \"seo_title\": \"\", \"search_description\": \"\", \"depth\": 2, \"latest_revision_created_at\": \"2016-07-28T20:56:59.763Z\", \"has_unpublished_changes\": false, \"content_type\": 2, \"path\": \"00010002\", \"owner\": 1, \"pk\": 7, \"first_published_at\": \"2016-07-28T20:56:59.789Z\", \"url_path\": \"/site-2-homepage/\", \"expired\": false, \"slug\": \"site-2-homepage\", \"expire_at\": null, \"go_live_at\": null}", "approved_go_live_at": null}}, {"model": "wagtailcore.pagerevision", "pk": 14, "fields": {"page": 8, "submitted_for_moderation": false, "created_at": "2016-07-28T20:57:39.935Z", "user": 1, "content_json": "{\"body\": \"\", \"locked\": false, \"title\": \"Site 2 About Us\", \"numchild\": 0, \"show_in_menus\": true, \"live\": true, \"seo_title\": \"\", \"search_description\": \"\", \"depth\": 3, \"latest_revision_created_at\": null, \"has_unpublished_changes\": false, \"content_type\": 6, \"path\": \"000100020001\", \"owner\": 1, \"pk\": 8, \"first_published_at\": null, \"url_path\": \"/site-2-homepage/site-2-about-us/\", \"expired\": false, \"slug\": \"site-2-about-us\", \"expire_at\": null, \"go_live_at\": null}", "approved_go_live_at": null}}, {"model": "wagtailcore.pagerevision", "pk": 15, "fields": {"page": 9, "submitted_for_moderation": false, "created_at": "2016-07-28T20:57:53.320Z", "user": 1, "content_json": "{\"body\": \"\", \"locked\": false, \"title\": \"Site 2 Contact Us\", \"numchild\": 0, \"show_in_menus\": false, \"live\": true, \"seo_title\": \"\", \"search_description\": \"\", \"depth\": 3, \"latest_revision_created_at\": null, \"has_unpublished_changes\": false, \"content_type\": 6, \"path\": \"000100020002\", \"owner\": 1, \"pk\": 9, \"first_published_at\": null, \"url_path\": \"/site-2-homepage/site-2-contact-us/\", \"expired\": false, \"slug\": \"site-2-contact-us\", \"expire_at\": null, \"go_live_at\": null}", "approved_go_live_at": null}}, {"model": "wagtailcore.pagerevision", "pk": 16, "fields": {"page": 9, "submitted_for_moderation": false, "created_at": "2016-07-28T21:00:51.743Z", "user": 1, "content_json": "{\"body\": \"\", \"locked\": false, \"title\": \"Site 2 Contact Us\", \"numchild\": 0, \"show_in_menus\": true, \"live\": true, \"seo_title\": \"\", \"search_description\": \"\", \"depth\": 3, \"latest_revision_created_at\": \"2016-07-28T20:57:53.320Z\", \"has_unpublished_changes\": false, \"content_type\": 6, \"path\": \"000100020002\", \"owner\": 1, \"pk\": 9, \"first_published_at\": \"2016-07-28T20:57:53.354Z\", \"url_path\": \"/site-2-homepage/site-2-contact-us/\", \"expired\": false, \"slug\": \"site-2-contact-us\", \"expire_at\": null, \"go_live_at\": null}", "approved_go_live_at": null}}, {"model": "wagtailcore.pagerevision", "pk": 17, "fields": {"page": 10, "submitted_for_moderation": false, "created_at": "2016-07-28T20:56:41.726Z", "user": 1, "content_json": "{\"body\": \"\", \"depth\": 2, \"slug\": \"home\", \"url_path\": \"/home/\", \"locked\": false, \"title\": \"Site 1 Homepage\", \"numchild\": 2, \"seo_title\": \"\", \"search_description\": \"\", \"owner\": null, \"live\": true, \"content_type\": 2, \"show_in_menus\": false, \"latest_revision_created_at\": null, \"has_unpublished_changes\": false, \"path\": \"00010001\", \"first_published_at\": null, \"expired\": false, \"pk\": 10, \"expire_at\": null, \"go_live_at\": null}", "approved_go_live_at": null}}, {"model": "wagtailcore.pagerevision", "pk": 18, "fields": {"page": 10, "submitted_for_moderation": false, "created_at": "2016-07-28T21:16:08.104Z", "user": 1, "content_json": "{\"body\": \"\", \"locked\": false, \"title\": \"Site 3 Homepage\", \"numchild\": 0, \"show_in_menus\": false, \"live\": true, \"seo_title\": \"\", \"search_description\": \"\", \"depth\": 2, \"latest_revision_created_at\": \"2016-07-28T20:56:41.726Z\", \"has_unpublished_changes\": false, \"content_type\": 2, \"path\": \"00010003\", \"owner\": 1, \"pk\": 10, \"first_published_at\": \"2016-07-28T20:56:41.757Z\", \"url_path\": \"/home-3/\", \"expired\": false, \"slug\": \"home-3\", \"expire_at\": null, \"go_live_at\": null}", "approved_go_live_at": null}}, {"model": "wagtailcore.pagerevision", "pk": 19, "fields": {"page": 11, "submitted_for_moderation": false, "created_at": "2016-07-28T11:55:38.767Z", "user": 1, "content_json": "{\"body\": null, \"depth\": 3, \"slug\": \"top-level-page\", \"url_path\": \"/home/top-level-page/\", \"locked\": false, \"title\": \"Top level page\", \"numchild\": 0, \"seo_title\": \"\", \"search_description\": \"\", \"owner\": 1, \"live\": true, \"content_type\": 6, \"show_in_menus\": true, \"latest_revision_created_at\": null, \"has_unpublished_changes\": false, \"path\": \"000100010001\", \"first_published_at\": null, \"expired\": false, \"pk\": 11, \"expire_at\": null, \"go_live_at\": null}", "approved_go_live_at": null}}, {"model": "wagtailcore.pagerevision", "pk": 20, "fields": {"page": 11, "submitted_for_moderation": false, "created_at": "2016-07-28T20:22:52.828Z", "user": 1, "content_json": "{\"body\": \"<p>This is a top level page yo!</p>\", \"depth\": 3, \"slug\": \"top-level-page\", \"url_path\": \"/home/top-level-page/\", \"locked\": false, \"title\": \"Top level page\", \"numchild\": 1, \"seo_title\": \"\", \"search_description\": \"\", \"owner\": 1, \"live\": true, \"content_type\": 6, \"show_in_menus\": true, \"latest_revision_created_at\": \"2016-07-28T11:55:38.767Z\", \"has_unpublished_changes\": false, \"path\": \"000100010001\", \"first_published_at\": \"2016-07-28T11:55:38.791Z\", \"expired\": false, \"pk\": 11, \"expire_at\": null, \"go_live_at\": null}", "approved_go_live_at": null}}, {"model": "wagtailcore.pagerevision", "pk": 21, "fields": {"page": 11, "submitted_for_moderation": false, "created_at": "2016-07-28T20:49:10.788Z", "user": 1, "content_json": "{\"body\": \"<p>This is a top level page yo!</p>\", \"depth\": 3, \"slug\": \"top-level-page\", \"url_path\": \"/home/top-level-page/\", \"locked\": false, \"title\": \"About us\", \"numchild\": 1, \"seo_title\": \"\", \"search_description\": \"\", \"owner\": 1, \"live\": true, \"content_type\": 6, \"show_in_menus\": true, \"latest_revision_created_at\": \"2016-07-28T20:22:52.828Z\", \"has_unpublished_changes\": false, \"path\": \"000100010001\", \"first_published_at\": \"2016-07-28T11:55:38.791Z\", \"expired\": false, \"pk\": 11, \"expire_at\": null, \"go_live_at\": null}", "approved_go_live_at": null}}, {"model": "wagtailcore.pagerevision", "pk": 22, "fields": {"page": 11, "submitted_for_moderation": false, "created_at": "2016-07-28T20:49:26.412Z", "user": 1, "content_json": "{\"body\": \"<p>This is a top level page yo!</p>\", \"depth\": 3, \"slug\": \"top-level-page\", \"url_path\": \"/home/top-level-page/\", \"locked\": false, \"title\": \"Site 1 about us\", \"numchild\": 1, \"seo_title\": \"\", \"search_description\": \"\", \"owner\": 1, \"live\": true, \"content_type\": 6, \"show_in_menus\": true, \"latest_revision_created_at\": \"2016-07-28T20:49:10.788Z\", \"has_unpublished_changes\": false, \"path\": \"000100010001\", \"first_published_at\": \"2016-07-28T11:55:38.791Z\", \"expired\": false, \"pk\": 11, \"expire_at\": null, \"go_live_at\": null}", "approved_go_live_at": null}}, {"model": "wagtailcore.pagerevision", "pk": 23, "fields": {"page": 11, "submitted_for_moderation": false, "created_at": "2016-07-28T20:49:54.035Z", "user": 1, "content_json": "{\"body\": \"<p>This is a top level page yo!</p>\", \"depth\": 3, \"slug\": \"top-level-page\", \"url_path\": \"/home/top-level-page/\", \"locked\": false, \"title\": \"Site 1 About Us\", \"numchild\": 1, \"seo_title\": \"\", \"search_description\": \"\", \"owner\": 1, \"live\": true, \"content_type\": 6, \"show_in_menus\": true, \"latest_revision_created_at\": \"2016-07-28T20:49:26.412Z\", \"has_unpublished_changes\": false, \"path\": \"000100010001\", \"first_published_at\": \"2016-07-28T11:55:38.791Z\", \"expired\": false, \"pk\": 11, \"expire_at\": null, \"go_live_at\": null}", "approved_go_live_at": null}}, {"model": "wagtailcore.pagerevision", "pk": 24, "fields": {"page": 11, "submitted_for_moderation": false, "created_at": "2016-07-28T21:16:08.185Z", "user": 1, "content_json": "{\"body\": \"<p>This is a top level page yo!</p>\", \"locked\": false, \"title\": \"Site 1 About Us\", \"numchild\": 0, \"show_in_menus\": true, \"live\": true, \"seo_title\": \"\", \"search_description\": \"\", \"depth\": 3, \"latest_revision_created_at\": \"2016-07-28T20:49:54.035Z\", \"has_unpublished_changes\": false, \"content_type\": 6, \"path\": \"000100030001\", \"owner\": 1, \"pk\": 11, \"first_published_at\": \"2016-07-28T11:55:38.791Z\", \"url_path\": \"/home-3/top-level-page/\", \"expired\": false, \"slug\": \"top-level-page\", \"expire_at\": null, \"go_live_at\": null}", "approved_go_live_at": null}}, {"model": "wagtailcore.pagerevision", "pk": 27, "fields": {"page": 13, "submitted_for_moderation": false, "created_at": "2016-07-28T11:55:53.098Z", "user": 1, "content_json": "{\"body\": null, \"depth\": 3, \"slug\": \"another-top-level-page\", \"url_path\": \"/home/another-top-level-page/\", \"locked\": false, \"title\": \"Another top-level page\", \"numchild\": 0, \"seo_title\": \"\", \"search_description\": \"\", \"owner\": 1, \"live\": true, \"content_type\": 6, \"show_in_menus\": true, \"latest_revision_created_at\": null, \"has_unpublished_changes\": false, \"path\": \"000100010002\", \"first_published_at\": null, \"expired\": false, \"pk\": 13, \"expire_at\": null, \"go_live_at\": null}", "approved_go_live_at": null}}, {"model": "wagtailcore.pagerevision", "pk": 28, "fields": {"page": 13, "submitted_for_moderation": false, "created_at": "2016-07-28T20:49:42.706Z", "user": 1, "content_json": "{\"body\": \"\", \"depth\": 3, \"slug\": \"another-top-level-page\", \"url_path\": \"/home/another-top-level-page/\", \"locked\": false, \"title\": \"Set 2 Contact us\", \"numchild\": 0, \"seo_title\": \"\", \"search_description\": \"\", \"owner\": 1, \"live\": true, \"content_type\": 6, \"show_in_menus\": true, \"latest_revision_created_at\": \"2016-07-28T11:55:53.098Z\", \"has_unpublished_changes\": false, \"path\": \"000100010002\", \"first_published_at\": \"2016-07-28T11:55:53.125Z\", \"expired\": false, \"pk\": 13, \"expire_at\": null, \"go_live_at\": null}", "approved_go_live_at": null}}, {"model": "wagtailcore.pagerevision", "pk": 29, "fields": {"page": 13, "submitted_for_moderation": false, "created_at": "2016-07-28T20:50:00.782Z", "user": 1, "content_json": "{\"body\": \"\", \"depth\": 3, \"slug\": \"another-top-level-page\", \"url_path\": \"/home/another-top-level-page/\", \"locked\": false, \"title\": \"Set 2 Contact Us\", \"numchild\": 0, \"seo_title\": \"\", \"search_description\": \"\", \"owner\": 1, \"live\": true, \"content_type\": 6, \"show_in_menus\": true, \"latest_revision_created_at\": \"2016-07-28T20:49:42.706Z\", \"has_unpublished_changes\": false, \"path\": \"000100010002\", \"first_published_at\": \"2016-07-28T11:55:53.125Z\", \"expired\": false, \"pk\": 13, \"expire_at\": null, \"go_live_at\": null}", "approved_go_live_at": null}}, {"model": "wagtailcore.pagerevision", "pk": 30, "fields": {"page": 13, "submitted_for_moderation": false, "created_at": "2016-07-28T20:51:43.939Z", "user": 1, "content_json": "{\"body\": \"\", \"depth\": 3, \"slug\": \"another-top-level-page\", \"url_path\": \"/home/another-top-level-page/\", \"locked\": false, \"title\": \"Site 1 Contact Us\", \"numchild\": 0, \"seo_title\": \"\", \"search_description\": \"\", \"owner\": 1, \"live\": true, \"content_type\": 6, \"show_in_menus\": true, \"latest_revision_created_at\": \"2016-07-28T20:50:00.782Z\", \"has_unpublished_changes\": false, \"path\": \"000100010002\", \"first_published_at\": \"2016-07-28T11:55:53.125Z\", \"expired\": false, \"pk\": 13, \"expire_at\": null, \"go_live_at\": null}", "approved_go_live_at": null}}, {"model": "wagtailcore.pagerevision", "pk": 31, "fields": {"page": 13, "submitted_for_moderation": false, "created_at": "2016-07-28T21:16:08.382Z", "user": 1, "content_json": "{\"body\": \"\", \"locked\": false, \"title\": \"Site 1 Contact Us\", \"numchild\": 0, \"show_in_menus\": true, \"live\": true, \"seo_title\": \"\", \"search_description\": \"\", \"depth\": 3, \"latest_revision_created_at\": \"2016-07-28T20:51:43.939Z\", \"has_unpublished_changes\": false, \"content_type\": 6, \"path\": \"000100030002\", \"owner\": 1, \"pk\": 13, \"first_published_at\": \"2016-07-28T11:55:53.125Z\", \"url_path\": \"/home-3/another-top-level-page/\", \"expired\": false, \"slug\": \"another-top-level-page\", \"expire_at\": null, \"go_live_at\": null}", "approved_go_live_at": null}}, {"model": "wagtailcore.pagerevision", "pk": 32, "fields": {"page": 13, "submitted_for_moderation": false, "created_at": "2016-07-28T21:16:18.685Z", "user": 1, "content_json": "{\"body\": \"\", \"locked\": false, \"title\": \"Site 1 Contact Us3\", \"numchild\": 0, \"show_in_menus\": true, \"live\": true, \"seo_title\": \"\", \"search_description\": \"\", \"depth\": 3, \"latest_revision_created_at\": \"2016-07-28T21:16:08.382Z\", \"has_unpublished_changes\": false, \"content_type\": 6, \"path\": \"000100030002\", \"owner\": 1, \"pk\": 13, \"first_published_at\": \"2016-07-28T11:55:53.125Z\", \"url_path\": \"/home-3/another-top-level-page/\", \"expired\": false, \"slug\": \"another-top-level-page\", \"expire_at\": null, \"go_live_at\": null}", "approved_go_live_at": null}}, {"model": "wagtailcore.pagerevision", "pk": 33, "fields": {"page": 13, "submitted_for_moderation": false, "created_at": "2016-07-28T21:16:25.950Z", "user": 1, "content_json": "{\"body\": \"\", \"locked\": false, \"title\": \"Site 3 Contact Us\", \"numchild\": 0, \"show_in_menus\": true, \"live\": true, \"seo_title\": \"\", \"search_description\": \"\", \"depth\": 3, \"latest_revision_created_at\": \"2016-07-28T21:16:18.685Z\", \"has_unpublished_changes\": false, \"content_type\": 6, \"path\": \"000100030002\", \"owner\": 1, \"pk\": 13, \"first_published_at\": \"2016-07-28T11:55:53.125Z\", \"url_path\": \"/home-3/another-top-level-page/\", \"expired\": false, \"slug\": \"another-top-level-page\", \"expire_at\": null, \"go_live_at\": null}", "approved_go_live_at": null}}, {"model": "wagtailcore.pagerevision", "pk": 34, "fields": {"page": 11, "submitted_for_moderation": false, "created_at": "2016-07-28T21:16:31.506Z", "user": 1, "content_json": "{\"body\": \"<p>This is a top level page yo!</p>\", \"locked\": false, \"title\": \"Site 3 About Us\", \"numchild\": 1, \"show_in_menus\": true, \"live\": true, \"seo_title\": \"\", \"search_description\": \"\", \"depth\": 3, \"latest_revision_created_at\": \"2016-07-28T21:16:08.185Z\", \"has_unpublished_changes\": false, \"content_type\": 6, \"path\": \"000100030001\", \"owner\": 1, \"pk\": 11, \"first_published_at\": \"2016-07-28T11:55:38.791Z\", \"url_path\": \"/home-3/top-level-page/\", \"expired\": false, \"slug\": \"top-level-page\", \"expire_at\": null, \"go_live_at\": null}", "approved_go_live_at": null}}, {"model": "wagtailcore.pagerevision", "pk": 35, "fields": {"page": 10, "submitted_for_moderation": false, "created_at": "2016-07-29T08:34:54.541Z", "user": 1, "content_json": "{\"body\": \"<p>This is the site 3 homepage. Alright?</p>\", \"locked\": false, \"title\": \"Site 3 Homepage\", \"numchild\": 2, \"show_in_menus\": false, \"live\": true, \"seo_title\": \"\", \"search_description\": \"\", \"depth\": 2, \"latest_revision_created_at\": \"2016-07-28T21:16:08.104Z\", \"has_unpublished_changes\": false, \"content_type\": 2, \"path\": \"00010003\", \"owner\": 1, \"pk\": 10, \"first_published_at\": \"2016-07-28T20:56:41.757Z\", \"url_path\": \"/home-3/\", \"expired\": false, \"slug\": \"home-3\", \"expire_at\": null, \"go_live_at\": null}", "approved_go_live_at": null}}, {"model": "wagtailcore.page", "pk": 1, "fields": {"path": "0001", "depth": 1, "numchild": 3, "title": "Root", "slug": "root", "content_type": 1, "live": true, "has_unpublished_changes": false, "url_path": "/", "owner": null, "seo_title": "", "show_in_menus": false, "search_description": "", "go_live_at": null, "expire_at": null, "expired": false, "locked": false, "first_published_at": null, "latest_revision_created_at": null}}, {"model": "wagtailcore.page", "pk": 3, "fields": {"path": "00010001", "depth": 2, "numchild": 2, "title": "Site 1 Homepage", "slug": "home", "content_type": 2, "live": true, "has_unpublished_changes": false, "url_path": "/home/", "owner": null, "seo_title": "", "show_in_menus": false, "search_description": "", "go_live_at": null, "expire_at": null, "expired": false, "locked": false, "first_published_at": "2016-07-28T20:56:41.757Z", "latest_revision_created_at": "2016-07-28T20:56:41.726Z"}}, {"model": "wagtailcore.page", "pk": 4, "fields": {"path": "000100010001", "depth": 3, "numchild": 0, "title": "Site 1 About Us", "slug": "top-level-page", "content_type": 6, "live": true, "has_unpublished_changes": false, "url_path": "/home/top-level-page/", "owner": 1, "seo_title": "", "show_in_menus": true, "search_description": "", "go_live_at": null, "expire_at": null, "expired": false, "locked": false, "first_published_at": "2016-07-28T11:55:38.791Z", "latest_revision_created_at": "2016-07-28T20:49:54.035Z"}}, {"model": "wagtailcore.page", "pk": 5, "fields": {"path": "000100010002", "depth": 3, "numchild": 0, "title": "Site 1 Contact Us", "slug": "another-top-level-page", "content_type": 6, "live": true, "has_unpublished_changes": false, "url_path": "/home/another-top-level-page/", "owner": 1, "seo_title": "", "show_in_menus": true, "search_description": "", "go_live_at": null, "expire_at": null, "expired": false, "locked": false, "first_published_at": "2016-07-28T11:55:53.125Z", "latest_revision_created_at": "2016-07-28T20:51:43.939Z"}}, {"model": "wagtailcore.page", "pk": 7, "fields": {"path": "00010002", "depth": 2, "numchild": 2, "title": "Site 2 Homepage", "slug": "site-2-homepage", "content_type": 2, "live": true, "has_unpublished_changes": false, "url_path": "/site-2-homepage/", "owner": 1, "seo_title": "", "show_in_menus": false, "search_description": "", "go_live_at": null, "expire_at": null, "expired": false, "locked": false, "first_published_at": "2016-07-28T20:56:59.789Z", "latest_revision_created_at": "2016-07-28T20:57:07.977Z"}}, {"model": "wagtailcore.page", "pk": 8, "fields": {"path": "000100020001", "depth": 3, "numchild": 0, "title": "Site 2 About Us", "slug": "site-2-about-us", "content_type": 6, "live": true, "has_unpublished_changes": false, "url_path": "/site-2-homepage/site-2-about-us/", "owner": 1, "seo_title": "", "show_in_menus": true, "search_description": "", "go_live_at": null, "expire_at": null, "expired": false, "locked": false, "first_published_at": "2016-07-28T20:57:39.968Z", "latest_revision_created_at": "2016-07-28T20:57:39.935Z"}}, {"model": "wagtailcore.page", "pk": 9, "fields": {"path": "000100020002", "depth": 3, "numchild": 0, "title": "Site 2 Contact Us", "slug": "site-2-contact-us", "content_type": 6, "live": true, "has_unpublished_changes": false, "url_path": "/site-2-homepage/site-2-contact-us/", "owner": 1, "seo_title": "", "show_in_menus": true, "search_description": "", "go_live_at": null, "expire_at": null, "expired": false, "locked": false, "first_published_at": "2016-07-28T20:57:53.354Z", "latest_revision_created_at": "2016-07-28T21:00:51.743Z"}}, {"model": "wagtailcore.page", "pk": 10, "fields": {"path": "00010003", "depth": 2, "numchild": 2, "title": "Site 3 Homepage", "slug": "home-3", "content_type": 2, "live": true, "has_unpublished_changes": false, "url_path": "/home-3/", "owner": 1, "seo_title": "", "show_in_menus": false, "search_description": "", "go_live_at": null, "expire_at": null, "expired": false, "locked": false, "first_published_at": "2016-07-28T20:56:41.757Z", "latest_revision_created_at": "2016-07-29T08:34:54.541Z"}}, {"model": "wagtailcore.page", "pk": 11, "fields": {"path": "000100030001", "depth": 3, "numchild": 0, "title": "Site 3 About Us", "slug": "top-level-page", "content_type": 6, "live": true, "has_unpublished_changes": false, "url_path": "/home-3/top-level-page/", "owner": 1, "seo_title": "", "show_in_menus": true, "search_description": "", "go_live_at": null, "expire_at": null, "expired": false, "locked": false, "first_published_at": "2016-07-28T11:55:38.791Z", "latest_revision_created_at": "2016-07-28T21:16:31.506Z"}}, {"model": "wagtailcore.page", "pk": 13, "fields": {"path": "000100030002", "depth": 3, "numchild": 0, "title": "Site 3 Contact Us", "slug": "another-top-level-page", "content_type": 6, "live": true, "has_unpublished_changes": false, "url_path": "/home-3/another-top-level-page/", "owner": 1, "seo_title": "", "show_in_menus": true, "search_description": "", "go_live_at": null, "expire_at": null, "expired": false, "locked": false, "first_published_at": "2016-07-28T11:55:53.125Z", "latest_revision_created_at": "2016-07-28T21:16:25.950Z"}}, {"model": "wagtailimages.image", "pk": 2, "fields": {"collection": 1, "title": "Site 2 logo", "file": "original_images/2.png", "width": 300, "height": 300, "created_at": "2016-07-28T20:47:31.782Z", "uploaded_by_user": 1, "focal_point_x": null, "focal_point_y": null, "focal_point_width": null, "focal_point_height": null, "file_size": 6387}}, {"model": "wagtailimages.image", "pk": 3, "fields": {"collection": 1, "title": "Site 1 logo", "file": "original_images/1.png", "width": 300, "height": 300, "created_at": "2016-07-28T20:47:32.125Z", "uploaded_by_user": 1, "focal_point_x": null, "focal_point_y": null, "focal_point_width": null, "focal_point_height": null, "file_size": 1893}}, {"model": "wagtailimages.image", "pk": 4, "fields": {"collection": 1, "title": "Site 3 logo", "file": "original_images/3.png", "width": 300, "height": 300, "created_at": "2016-07-28T21:18:00.286Z", "uploaded_by_user": 1, "focal_point_x": null, "focal_point_y": null, "focal_point_width": null, "focal_point_height": null, "file_size": null}}, {"model": "standard_page.standardpage", "pk": 4, "fields": {"body": "<p>This is a top level page yo!</p>"}}, {"model": "standard_page.standardpage", "pk": 5, "fields": {"body": ""}}, {"model": "standard_page.standardpage", "pk": 8, "fields": {"body": ""}}, {"model": "standard_page.standardpage", "pk": 9, "fields": {"body": ""}}, {"model": "standard_page.standardpage", "pk": 11, "fields": {"body": "<p>This is a top level page yo!</p>"}}, {"model": "standard_page.standardpage", "pk": 13, "fields": {"body": ""}}, {"model": "home.homepage", "pk": 3, "fields": {"body": ""}}, {"model": "home.homepage", "pk": 7, "fields": {"body": ""}}, {"model": "home.homepage", "pk": 10, "fields": {"body": "<p>This is the site 3 homepage. Alright?</p>"}}]